S.No,States/UTs,Straight Road - Number of Accidents - Number,Straight Road - Number of Accidents - Rank,Straight Road - Persons Killed - Number,Straight Road - Persons Killed - Rank,Straight Road - Persons Injured - Greviously Injured,Straight Road - Persons Injured - Minor Injury,Straight Road - Persons Injured - Total Injured,Curved Road - Number of Accidents,Curved Road - Persons Killed,Curved Road - Persons Injured - Greviously Injured,Curved Road - Persons Injured - Minor Injury,Curved Road - Persons Injured - Total Injured,Bridge - Number of Accidents,Bridge - Persons Killed,Bridge - Persons Injured - Greviously Injured,Bridge - Persons Injured - Minor Injury,Bridge - Persons Injured - Total Injured,Culvert - Number of Accidents,Culvert - Persons Killed,Culvert - Persons Injured - Greviously Injured,Culvert - Persons Injured - Minor Injury,Culvert - Persons Injured - Total Injured,Pot Holes - Number of Accidents,Pot Holes - Persons Killed,Pot Holes - Persons Injured - Greviously Injured,Pot Holes - Persons Injured - Minor Injury,Pot Holes - Persons Injured - Total Injured,Steep Grade - Number of Accidents,Steep Grade - Persons Killed,Steep Grade - Persons Injured - Greviously Injured,Steep Grade - Persons Injured - Minor Injury,Steep Grade - Persons Injured - Total Injured,Ongoing Road Works/Under Construction - Number of Accidents,Ongoing Road Works/Under Construction - Persons Killed,Ongoing Road Works/Under Construction - Persons Injured - Greviously Injured,Ongoing Road Works/Under Construction - Persons Injured - Minor Injury,Ongoing Road Works/Under Construction - Persons Injured - Total Injured,Others - Number of Accidents,Others - Persons Killed,Others - Persons Injured - Greviously Injured,Others - Persons Injured - Minor Injury,Others - Persons Injured - Total Injured
1,Andhra Pradesh,18431,6,5614,8,4224,13095,17319,2662,825,1017,1831,2848,625,205,225,417,642,454,166,148,382,530,3,1,0,3,3,83,34,10,30,40,256,117,70,84,154,1961,594,773,1147,1920
2,Arunachal Pradesh,54,32,29,30,39,19,58,31,21,27,14,41,42,24,29,14,43,37,22,28,11,39,0,0,0,0,0,33,23,29,12,41,29,26,28,13,41,51,30,41,19,60
3,Assam,4664,16,1759,17,3663,747,4410,964,315,682,145,827,496,172,270,103,373,238,69,176,45,221,182,68,121,40,161,136,30,98,18,116,448,109,221,108,329,1120,444,733,205,938
4,Bihar,7621,13,5473,9,3877,942,4819,1186,725,837,215,1052,217,147,183,63,246,234,137,195,83,278,0,0,0,0,0,194,150,117,25,142,148,97,97,45,142,0,0,0,0,0
5,Chhattisgarh,8243,12,2674,15,1418,5895,7313,1656,476,239,1230,1469,257,98,53,244,297,286,88,64,267,331,112,20,15,85,100,151,30,21,105,126,341,91,79,245,324,2818,1115,608,2147,2755
6,Goa,3071,19,211,23,275,1005,1280,619,49,71,193,264,19,2,0,5,5,0,0,0,0,0,0,0,0,0,0,0,0,0,0,0,0,0,0,0,0,0,0,0,0,0
7,Gujarat,14790,9,6213,7,7350,5901,13251,2368,1057,1351,1214,2565,733,365,378,347,725,391,156,212,181,393,1,1,0,0,0,277,123,179,111,290,208,81,140,101,241,1,0,2,0,2
8,Haryana,4693,15,2125,16,966,2950,3916,990,438,228,789,1017,570,252,107,496,603,206,92,46,285,331,473,222,114,375,489,200,80,47,236,283,282,130,63,258,321,3824,1779,548,2512,3060
9,Himachal Pradesh,2011,21,676,20,939,2313,3252,872,402,405,1470,1875,30,15,19,18,37,0,0,0,0,0,21,18,5,22,27,117,60,47,164,211,50,35,15,127,142,9,2,3,4,7
10,Jammu & Kashmir,1434,22,311,22,416,1486,1902,422,83,191,468,659,43,4,4,46,50,19,5,9,13,22,8,0,1,7,8,4,2,1,4,5,25,6,6,33,39,4023,573,3541,1619,5160
11,Jharkhand,2209,20,1494,18,1350,335,1685,1144,740,800,188,988,224,170,151,56,207,231,127,140,34,174,119,78,61,10,71,135,92,79,20,99,148,86,60,28,88,1184,755,527,136,663
12,Karnataka,33120,2,8974,2,16780,23130,39910,6347,1477,3307,5175,8482,1448,388,780,1266,2046,234,52,119,252,371,38,10,26,42,68,160,33,66,149,215,356,55,197,266,463,4,1,2,5,7
13,Kerala,28897,4,3082,12,22585,9830,32415,7817,856,6343,2821,9164,453,54,355,170,525,109,15,90,62,152,63,11,40,26,66,74,19,61,38,99,164,21,129,55,184,2604,245,2069,784,2853
14,Madhya Pradesh,32250,3,6560,6,3691,31080,34771,5447,1159,762,5482,6244,1088,219,98,1064,1162,969,217,116,856,972,182,59,12,102,114,948,186,103,924,1027,2478,588,388,1753,2141,8035,1718,920,7311,8231
15,Maharashtra,27021,5,10344,1,15053,7935,22988,4355,1515,2565,1527,4092,1437,445,964,528,1492,335,89,234,150,384,552,166,353,195,548,679,217,472,211,683,1332,483,690,484,1174,6,2,4,0,4
16,Manipur,392,25,93,27,219,444,663,122,24,46,193,239,20,3,3,23,26,21,2,8,32,40,2,0,1,0,1,2,0,4,1,5,16,8,5,23,28,26,4,16,24,40
17,Meghalaya,36,34,21,32,10,6,16,11,5,6,2,8,0,0,0,0,0,0,0,0,0,0,0,0,0,0,0,0,0,0,0,0,0,0,0,0,0,352,156,96,85,181
18,Mizoram,29,35,25,31,21,9,30,12,8,2,27,29,1,0,0,1,1,1,4,1,0,1,0,0,0,0,0,2,1,1,3,4,3,2,4,0,4,5,5,1,10,11
19,Nagaland,249,28,17,34,75,80,155,88,14,30,58,88,0,0,0,0,0,27,1,7,15,22,33,0,12,17,29,15,0,8,9,17,5,0,2,1,3,13,7,10,11,21
20,Orissa,5743,14,2751,14,3088,2716,5804,2175,969,1147,1146,2293,564,265,347,325,672,396,174,203,218,421,88,35,55,30,85,225,97,125,116,241,402,197,222,215,437,1669,827,1035,806,1841
21,Punjab,4012,17,2995,13,1362,680,2042,761,555,230,160,390,358,262,113,82,195,177,115,67,32,99,109,64,61,33,94,138,100,28,20,48,367,262,137,91,228,506,387,194,94,288
22,Rajasthan,16342,7,7749,5,4685,11342,16027,1735,861,599,1164,1763,286,110,96,213,309,83,28,26,90,116,81,36,26,57,83,24,17,5,16,21,208,97,72,135,207,2984,1422,1208,1813,3021
23,Sikkim,91,30,44,28,82,77,159,51,18,35,38,73,14,11,25,23,48,9,4,21,11,32,0,0,0,0,0,10,5,24,18,42,5,3,9,7,16,0,0,0,0,0
24,Tamil Nadu,45618,1,8432,3,3705,49515,53220,10857,2252,1102,11549,12651,3201,738,376,3304,3680,2078,298,437,1877,2314,526,102,95,365,460,377,50,117,288,405,735,94,155,692,847,528,250,12,948,960
25,Telangana,14238,10,4350,11,1399,14058,15457,1774,585,217,1658,1875,447,165,37,371,408,181,94,11,186,197,44,14,29,39,68,3,1,0,1,1,302,54,20,240,260,5241,1340,608,4739,5347
26,Tripura,372,26,141,24,449,7,456,165,66,249,4,253,9,3,22,2,24,5,2,8,0,8,0,0,0,0,0,0,0,0,0,0,1,1,0,0,0,0,0,0,0,0
27,Uttarakhand,886,23,536,21,686,133,819,343,370,460,65,525,42,22,27,13,40,4,3,1,0,1,10,9,2,4,6,6,5,2,1,3,5,13,2,0,2,172,89,161,14,175
28,Uttar Pradesh,15223,8,8127,4,7193,3188,10381,6571,3345,3083,1311,4394,2687,1271,1404,709,2113,2226,1114,1088,580,1668,2015,1043,926,468,1394,2144,1045,1041,502,1543,2870,1497,1364,694,2058,8832,4814,4218,1895,6113
29,West Bengal,10008,11,4705,10,7300,1791,9091,1435,582,1128,442,1570,304,164,223,78,301,178,113,137,63,200,145,39,132,54,186,99,23,104,42,146,197,85,114,33,147,339,0,239,117,356
30,A & N Islands,132,29,10,35,31,108,139,111,8,28,88,116,5,0,0,4,4,3,0,0,0,0,0,0,0,0,0,3,1,0,1,1,0,0,0,0,0,0,0,0,0,0
31,Chandigarh,316,27,98,26,21,279,300,0,0,0,0,0,0,0,0,0,0,0,0,0,0,0,0,0,0,0,0,0,0,0,0,0,0,0,0,0,0,0,0,0,0,0
32,D & N Haveli,61,31,43,29,44,2,46,14,8,16,0,16,3,1,4,0,4,0,0,0,0,0,0,0,0,0,0,0,0,0,0,0,0,0,0,0,0,2,2,0,0,0
33,Daman & Diu,43,33,21,32,23,15,38,25,9,21,28,49,7,4,5,2,7,0,0,0,0,0,0,0,0,0,0,0,0,0,0,0,0,0,0,0,0,1,1,0,0,0
34,Delhi,3688,18,1005,19,630,2783,3413,682,141,91,539,630,346,91,58,262,320,51,5,17,31,48,61,18,9,38,47,48,7,6,36,42,158,50,23,111,134,1481,373,286,1166,1452
35,Lakshadweep,1,36,1,36,1,0,1,0,0,0,0,0,0,0,0,0,0,0,0,0,0,0,0,0,0,0,0,0,0,0,0,0,0,0,0,0,0,2,0,2,0,2
36,Puducherry,866,24,128,25,404,526,930,288,38,89,240,329,149,23,43,134,177,0,0,0,0,0,1,1,0,0,0,18,2,4,3,7,0,0,0,0,0,275,34,111,173,284
Total,Total,306855,NA,96831,NA,114054,194422,308476,64100,19996,27404,41474,68878,16125,5693,6399,10383,16782,9183,3192,3609,5756,9365,4869,2015,2096,2012,4108,6305,2433,2799,3104,5903,11539,4288,4312,5842,10154,48068,16969,17968,27784,45752
