Type of collision,2023-Accidents,2023-Killed,2023-injured,2024-Accidents,2024-Killed,2024-injured,%Change-Accidents,%Change-killed,%Change-Injured
Hit and Run,68783,31209,54574,68584,34030,51517,-0.3,9.0,-5.6
With parked Vehicle,13810,5636,12575,11198,4486,10608,-18.9,-20.4,-15.6
Hit from Back,110656,36804,107161,113907,37404,110160,2.9,1.6,2.8
Hit from side,73805,20623,74017,77112,21716,78302,4.5,5.3,5.8
Run off Road,21527,10196,20719,19082,8917,19560,-11.4,-12.5,-5.6
Fixed object,17451,8291,16416,16246,7521,14948,-6.9,-9.3,-8.9
Vehicle overturn,18905,9124,21216,17296,8419,19401,-8.5,-7.7,-8.6
Head on collision,84348,28898,89867,84429,28400,91863,0.1,-1.7,2.2
Others,71298,22109,66280,79853,26282,75082,12.0,18.9,13.3
