State,2020 Killed,2021 Killed,2022 Killed,2023 Killed,2024 Killed,% change from 2023 to 2024
Andhra Pradesh,7039,8186,8293,8137,8346,2.57
Arunachal Pradesh,73,157,148,145,168,15.86
Assam,2629,3036,2994,3296,3351,1.67
Bihar,6699,7660,8898,8873,9347,5.34
Chhattisgarh,4606,5371,5834,6166,6945,12.63
Goa,223,226,271,290,286,-1.28
Gujarat,6170,7452,7618,7854,7717,-1.74
Haryana,4507,4706,4915,4968,4689,-5.62
Himachal Pradesh,893,1052,1032,889,869,-2.25
Jharkhand,3044,3513,3898,4173,4114,-1.41
Karnataka,9760,10038,11702,12321,12390,0.56
Kerala,2979,3429,4317,4080,3880,-4.9
Madhya Pradesh,11141,12057,13427,13798,14791,7.2
Maharashtra,11569,13528,15224,15366,15715,2.27
Manipur,127,110,127,73,72,-1.37
Meghalaya,144,187,162,168,197,17.26
Mizoram,42,56,113,96,110,14.58
Nagaland,53,55,73,86,62,-27.91
Odisha,4738,5081,5467,5739,6142,7.02
Punjab,3898,4589,4756,4829,4759,-1.45
Rajasthan,9250,10043,11104,11762,11790,0.24
Sikkim,47,56,92,57,67,17.54
Tamil Nadu,14527,15384,17884,18347,18449,0.56
Telangana,6882,7557,7559,7660,7949,3.77
Tripura,192,194,241,261,226,-13.41
Uttarakhand,674,820,1042,1054,1090,3.42
Uttar Pradesh,19149,21227,22595,23652,24118,1.97
West Bengal,5128,5800,6002,6027,6676,10.77
Andaman & Nicobar Islands,14,20,19,24,29,20.83
Chandigarh,53,96,83,67,75,11.94
Dadra & Nagar Haveli and Daman & Diu,64,76,90,74,95,28.38
Delhi,1196,1239,1461,1457,1551,6.45
Jammu & Kashmir,728,774,805,893,831,-6.94
Ladakh,0,56,62,59,61,3.39
Lakshadweep,0,1,2,0,0,0.0
Puducherry,145,140,181,149,218,46.31
