Victim,Bicycle,Two Wheeler,Auto,Car/Taxi/LMV,Truck,Bus,Non-Motor,Others,Total
Pedestrian,76.0,10378,1256,9302,5165,2257,235,7857,36526
Bicycle,43.0,1137,248,1039,718,333,80,563,4161
Two Wheeler,247.0,30561,2620,18682,14017,4485,495,10673,81780
Auto,39.0,602,1196,1461,1151,508,94,608,5659
Car/Taxi/LMV,147.0,3344,645,8705,5240,1570,212,2125,21988
Truck,85.0,1846,293,1563,3717,666,117,1400,9687
Bus,59.0,740,147,564,792,958,86,509,3855
Non-Motor,33.0,298,157,374,251,171,138,207,1629
Others,99.0,3632,406,2072,1311,526,199,3645,11890
